{
  "formatVersion": 1,
  "database": {
    "version": 1,
    "identityHash": "f53191b05b55e00fb94802986dfe8f86",
    "entities": [
      {
        "tableName": "Infors",
        "createSql": "CREATE TABLE IF NOT EXISTS `${TABLE_NAME}` (`id` INTEGER PRIMARY KEY AUTOINCREMENT NOT NULL, `CONTENT` TEXT, `EVENT_TYPE` TEXT, `DATE` INTEGER)",
        "fields": [
          {
            "fieldPath": "id",
            "columnName": "id",
            "affinity": "INTEGER",
            "notNull": true
          },
          {
            "fieldPath": "content",
            "columnName": "CONTENT",
            "affinity": "TEXT",
            "notNull": false
          },
          {
            "fieldPath": "eventType",
            "columnName": "EVENT_TYPE",
            "affinity": "TEXT",
            "notNull": false
          },
          {
            "fieldPath": "time",
            "columnName": "DATE",
            "affinity": "INTEGER",
            "notNull": false
          }
        ],
        "primaryKey": {
          "columnNames": [
            "id"
          ],
          "autoGenerate": true
        },
        "indices": [
          {
            "name": "index_Infors_DATE",
            "unique": true,
            "columnNames": [
              "DATE"
            ],
            "createSql": "CREATE UNIQUE INDEX `index_Infors_DATE` ON `${TABLE_NAME}` (`DATE`)"
          }
        ],
        "foreignKeys": []
      }
    ],
    "setupQueries": [
      "CREATE TABLE IF NOT EXISTS room_master_table (id INTEGER PRIMARY KEY,identity_hash TEXT)",
      "INSERT OR REPLACE INTO room_master_table (id,identity_hash) VALUES(42, \"f53191b05b55e00fb94802986dfe8f86\")"
    ]
  }
}