{
  "formatVersion": 1,
  "database": {
    "version": 2,
    "identityHash": "cb5a53da8f297aa54c4f3cb2f6b53149",
    "entities": [
      {
        "tableName": "Infors",
        "createSql": "CREATE TABLE IF NOT EXISTS `${TABLE_NAME}` (`id` INTEGER PRIMARY KEY AUTOINCREMENT NOT NULL, `CONTENT` TEXT, `EVENT_TYPE` TEXT, `DATE` INTEGER)",
        "fields": [
          {
            "fieldPath": "id",
            "columnName": "id",
            "affinity": "INTEGER",
            "notNull": true
          },
          {
            "fieldPath": "content",
            "columnName": "CONTENT",
            "affinity": "TEXT",
            "notNull": false
          },
          {
            "fieldPath": "eventType",
            "columnName": "EVENT_TYPE",
            "affinity": "TEXT",
            "notNull": false
          },
          {
            "fieldPath": "time",
            "columnName": "DATE",
            "affinity": "INTEGER",
            "notNull": false
          }
        ],
        "primaryKey": {
          "columnNames": [
            "id"
          ],
          "autoGenerate": true
        },
        "indices": [
          {
            "name": "index_Infors_DATE",
            "unique": true,
            "columnNames": [
              "DATE"
            ],
            "createSql": "CREATE UNIQUE INDEX `index_Infors_DATE` ON `${TABLE_NAME}` (`DATE`)"
          }
        ],
        "foreignKeys": []
      },
      {
        "tableName": "User",
        "createSql": "CREATE TABLE IF NOT EXISTS `${TABLE_NAME}` (`uid` INTEGER PRIMARY KEY AUTOINCREMENT NOT NULL, `first_name` TEXT, `last_name` TEXT)",
        "fields": [
          {
            "fieldPath": "uid",
            "columnName": "uid",
            "affinity": "INTEGER",
            "notNull": true
          },
          {
            "fieldPath": "firstName",
            "columnName": "first_name",
            "affinity": "TEXT",
            "notNull": false
          },
          {
            "fieldPath": "lastName",
            "columnName": "last_name",
            "affinity": "TEXT",
            "notNull": false
          }
        ],
        "primaryKey": {
          "columnNames": [
            "uid"
          ],
          "autoGenerate": true
        },
        "indices": [],
        "foreignKeys": []
      }
    ],
    "setupQueries": [
      "CREATE TABLE IF NOT EXISTS room_master_table (id INTEGER PRIMARY KEY,identity_hash TEXT)",
      "INSERT OR REPLACE INTO room_master_table (id,identity_hash) VALUES(42, \"cb5a53da8f297aa54c4f3cb2f6b53149\")"
    ]
  }
}